condition_clean,avg_rating,review_count
hashimotos disease,10.0,1
high blood pressure after prewgnancy,10.0,1
radical hysterectomy,10.0,1
add/adhd,10.0,1
urinary tract infrection,10.0,1
herpes zoster,10.0,2
rheumatiod arthritis,10.0,1
pmdd,10.0,1
sore throat with a low grade fever,10.0,1
"tonsillitis, sinusitis also bad tooth ache.",10.0,1
"headaches, menstrual aches/cramps, fever",10.0,1
nocturnal myoclonus (like restless leg syndrome),10.0,1
hysterectomy/cessation of menses,10.0,1
stomach nervousness,10.0,1
peripheral neuropathy,10.0,1
severe menstrual cramps,10.0,1
post menopausal /hysterectomy,10.0,1
tension and anxiety,10.0,1
nodular acne,10.0,1
"chronic sinus infection (long term), post nasal dr",10.0,1
total hysterectomy,10.0,1
hypothryroid,10.0,1
cancer prevention,10.0,1
replacement thearpy,10.0,1
sleeping,10.0,1
chronic heartburn,10.0,1
delayed gastric emptying-nausea,10.0,1
"relapsing remitting ms, possible neuro sarcoidosis",10.0,1
primary hypersomnia,10.0,1
"panic attacks, depression",10.0,1
lower respiratory tract infection,10.0,1
general fluid retention,10.0,1
"dizzyness,, vertigo, nausea,",10.0,1
psychotic out nof control patient,10.0,1
difficulty sleeping because of nervous system prob,10.0,1
"irritability,anxiety",10.0,1
for treating wrinkles,10.0,1
restless leg sydrome,10.0,1
hrt (hormone replacement therapy),10.0,1
tremor,10.0,1
"itchy, red, irritated skin",10.0,1
eyelash loss,10.0,1
period cramps,10.0,1
sleep distubance/mild depression,10.0,1
very high cholesterol and family history of heart,10.0,1
cystic acne on chin and jaw,10.0,2
alergies,10.0,1
severe wrist pain,10.0,1
"fatique, depression",10.0,1
"lingering infection - ear, sinus, throat",10.0,1
nerve and muscle pain,10.0,1
hand dermatitis,10.0,1
"anxiety, panic attack",10.0,1
severe poison ivy all over face,10.0,1
excessive testosterone levels,10.0,1
uneven skin tone and wrinkle prevention,10.0,1
moderately severe acne,10.0,1
low thyroid production,10.0,2
"blackheads,large pores,sun damage",10.0,1
sinus allergies/hives,10.0,1
fungus on big toes,10.0,1
low estragen,10.0,1
gastric esophageal reflux,10.0,1
osteo arthritis,10.0,2
kidney stones,10.0,1
anxiety/ panic attacks,10.0,1
hyperlipidemia,10.0,3
"ocd, bipolor disease",10.0,1
post menapause symptoms,10.0,1
cystic fibrosis,10.0,1
cold sore below lip,10.0,1
anxeity,10.0,1
sinus infection with smelly nasal discharge,10.0,1
eczema/allergies,10.0,1
high blood cholesterol levels,10.0,1
high blood levels of thrombisin,10.0,1
r.a.,10.0,1
hip flexor & back pain,10.0,1
high bloodpressure,10.0,1
"cramps, birth control",10.0,1
anxiety insomnia,10.0,1
"depression, anxiety & pain",10.0,1
"anxiety, panic disorder",10.0,1
pre cancer cells,10.0,1
labyrinthitis,10.0,1
"depression, tension headache",10.0,1
chronic urinary and yeast infections due to drynes,10.0,2
hashimoto's hypothyroidism,10.0,1
pain relief for arthritis and sleep aid,10.0,1
acne and anti age benefits,10.0,1
high colesterol level,10.0,1
anxiety/trouble sleeping,10.0,1
skin cancers,10.0,1
white spots on facial skin,10.0,1
recurrent depression,10.0,1
tonsillitis,10.0,1
bladder infecton,10.0,1
gerd/barret's esophogus,10.0,1
prickly heat/heat rash,10.0,1
coldsores,10.0,1
"sinus infection, bronchitis",10.0,1
cervical disk degeneration and lower back pain,10.0,1
high total cholesterol,10.0,1
hypercholesterolemia,10.0,1
prolactinoma,10.0,1
dry eyes,10.0,2
for allergic condition and there after begning of,10.0,1
insulin resistance,10.0,1
back stiffness,10.0,1
chronic fatigue syndrome,10.0,2
general depression/perimenopause,10.0,1
"severe stomach pains, dizziness",10.0,1
chronic sinus infections,10.0,1
lower back pain,10.0,1
severe melasma,10.0,1
maigrains,10.0,1
sparse eyelashes,10.0,1
rapid cycling bi polar,10.0,1
thyroid cancer,10.0,1
stomach ulcers,10.0,1
recurrent colds,10.0,1
"asthma, emphysema",10.0,1
severe non-allergic bronchitis and cough,10.0,1
mitral  valve prolapse,10.0,1
headake,10.0,1
metastasized ovarian cancer/chemotherapy,10.0,1
acne/wrinkles,10.0,1
gerd - gastroesophageal reflux disease,10.0,1
sinus problems,10.0,1
adult  add,10.0,1
adult onset acne,10.0,1
can't sleep,10.0,1
allergy/asthma,10.0,1
"insomnia, anxiety",10.0,1
"overeating, weight gain",10.0,1
"depression, clinical level",10.0,1
post cosmetic surgery complications,10.0,1
anxiety and panic diorder,10.0,1
"migraines, back spasm, insomnia",10.0,1
extra heartbeat,10.0,1
gerd (gastroesophogeal reflux disease),10.0,1
to help quit smoking cigarettes,10.0,1
depression/add,10.0,1
"after 42 years, quit smoking",10.0,1
restless legs,10.0,1
idiopathic excema,10.0,1
"birth control, acne control",10.0,1
stomach pain,10.0,1
sciatica pain/bulging discs,10.0,1
bursitis and tennis elbow,10.0,1
post surgery stomach pain,10.0,1
trigeminal neuralgia plus spinal stenosis etc,10.0,1
fungus,10.0,1
nasal allergies,10.0,2
hemorrhagic cystitis,10.0,1
anxiety attacks when driving,10.0,1
ptsd,10.0,2
allergy - pollen/food syndrome,10.0,1
hiatal hernia,10.0,1
poison ivy,10.0,1
grow lashes,10.0,1
post operative antibiotic,10.0,1
schizo-affective disorder,10.0,1
swine flu,10.0,2
ac joint dislocation,10.0,1
symptoms of menopause,10.0,1
cocaine dependency,10.0,1
type ii diabetes mellitus,10.0,1
minor acne,10.0,1
hashimotos syndrome - hypothyroid symptoms,10.0,1
high cholestoral,10.0,1
fybromyalgia,10.0,1
ingrown toenails,10.0,1
insomia,10.0,1
conjunctivitis,10.0,1
menstrual cramps,10.0,2
high colesteral,10.0,1
tourette syndrome,10.0,1
anxiety related to severe pms,10.0,1
mild depression,10.0,2
athletes foot,10.0,1
gastritis,10.0,2
hepatitis b,10.0,1
atopic eczema,10.0,1
extreme hot flashes,10.0,1
hormone replacement,10.0,3
"obsessive compulsive disorder, panic disorder, gad",10.0,1
o increase length and fullness of eyelashes,10.0,1
extrinsic aging,10.0,1
neural pain,10.0,1
shingles breakout,10.0,1
grave's disease,10.0,1
situational atypical depression,10.0,1
recurring cold sores,10.0,1
"bipolar disorder, ocd behaviors",10.0,1
heart palpitations,10.0,1
tennis elbow,10.0,1
depression; intrusive suicidal impulses,10.0,1
nerve painn,10.0,1
bipolar 2-extreme moods swings,10.0,1
impotence,10.0,1
underactive thyroid,10.0,2
itching,10.0,1
restlessness,10.0,1
urinary infection,10.0,1
simple partial seizure,10.0,1
menopausal hot flashes,10.0,1
depression/difficulty sleeping,10.0,1
hormone and for prevention of osteoporosis,10.0,1
subungal hematoma,10.0,2
"anxiety, depression, panic attacks",10.0,1
razor bumps,10.0,1
pregnancy avoidance,10.0,1
heratburn,10.0,1
rheumatoi arthritis,10.0,1
high cholestral,10.0,1
stress,10.0,1
hbp,10.0,1
"panic disorder, agoraphobia",10.0,1
pain and depression,10.0,1
ldl cholesterol,10.0,1
flu symptoms,10.0,1
hay fever type allergy reactions,10.0,1
excessive fatigue,10.0,1
facial skin,10.0,1
"sle (lupus), rheumatoid arthritis",10.0,1
severe peridontal disease,10.0,2
joint/muscular issues - fibro,10.0,1
birth control pill,10.0,1
rotator cuff tear,10.0,1
wakefulness -- difficulty falling back asleep,10.0,1
hypothyroid problem,10.0,1
severe migraine,10.0,1
uti prevention,10.0,1
migraine/tension headaches/sleep,10.0,1
increase dopmaine levels,10.0,1
bi-polar / anxiety,10.0,1
ezema on my hands,10.0,1
hyhpothyroidism,10.0,1
hormonal acne/sun damage,10.0,1
post-menopausal osteopenia,10.0,1
herpes cold sores around mouth and nose,10.0,1
anti-malarial,10.0,1
environmental allergies,10.0,1
severe pms and menstrual pain,10.0,1
itching/psosiasis,10.0,1
conjunctivitus,10.0,1
hypthyroidsim,10.0,1
"hyper pigmentation, wrinkles",10.0,1
blood thinning/ circulation during pregnancy,10.0,1
hepatitis c,10.0,1
low under active thyroid,10.0,1
hypercholesterolemia w/ low ldl,10.0,1
back pain/depression,10.0,1
waking early,10.0,1
cold sore,10.0,1
high level of prolactin,10.0,1
anti-depressant,10.0,1
"vaginal dryness, night sweats",10.0,1
eye infection,10.0,1
male andropause,10.0,1
basal cell carcinoma,10.0,1
"hives, itching, swelling due to allergies",10.0,1
strep  throat,10.0,1
eczyma,10.0,1
rare kidney infection,10.0,1
hypothyriodism--hashimoto's thyroiditis,10.0,1
"serotonin imbalance, mood swings",10.0,1
post surgery antibiotic,10.0,1
wrinkling aroung the eyes and lips,10.0,1
originally sleep apnea,10.0,1
fungal growth on feet,10.0,1
frequent urination,10.0,1
migraine relief,10.0,1
diabetese,10.0,1
"crashing fatigue, hot flashes, mood swings",10.0,1
chronic severe insomnia,10.0,1
excess stomach acid.,10.0,1
family flu outbreak,10.0,1
atypical hyperplasia in breast and hypothyrodism,10.0,1
excess acidity,10.0,1
localized acne,10.0,1
"dysthymia ( chronic, low grade depression )",10.0,1
tia's - anxiety,10.0,1
shift disorder,10.0,1
menopausal,10.0,3
add & anxiety,10.0,1
swollen knee,10.0,1
opiate dependence,10.0,1
irregular periods,10.0,1
inflamation 10 years after surgery,10.0,1
greater depression,10.0,1
"hot flashes, depression",10.0,1
cellulitis,10.0,1
eustachian tube pain,10.0,1
rash under nasal area,10.0,1
"stress, feeling overwhelmed",10.0,1
cesarean,10.0,1
nightly leg pain,10.0,1
migrain,10.0,1
h-pylori,10.0,1
birthcontrol,10.0,1
menopause - hrt,10.0,1
hsv1,10.0,1
bronchial infection,10.0,1
sore heel and arthritis,10.0,1
obsessional thoughts ocd,10.0,1
crohn's with fistula in ano,10.0,1
anxiety due to relationship stress,10.0,1
20 year pack a day smoker,10.0,1
anti-rejection,10.0,1
fatigue from rheumatoid arthiritis,10.0,1
"narcolepsy, sleep apnea, bipolar disorder",10.0,1
cold / flu,10.0,1
palpitations,10.0,1
"aging skin, few break-outs, hyperpigmentation",10.0,1
keratosis pilaris,10.0,1
hiatal hernia and ileocecal valve syndrome,10.0,1
high blood presure,10.0,1
severe knee pain,10.0,1
earache,10.0,1
hypothroidism after radioactive iodine,10.0,1
sleeplessness associated with depression,10.0,1
unregulated periods,10.0,1
anxiety and mild depression,10.0,1
cardiomyopathy,10.0,1
skin aging,10.0,1
skin breakouts/birth control,10.0,1
always crying,10.0,1
qit smoking,10.0,1
post surgery extreme pain,10.0,1
low back pain/herniated disk/sciatic pain,10.0,1
cold chills and hot flashes,10.0,1
schizo-affect/bi-polar,10.0,1
"hot flashes, headaches, fatigue, dry vagina",10.0,1
diverticulitis / kidney infection,10.0,1
neck/shoulder spasms,10.0,1
contraceptive,9.666666666666666,3
reduce cholesterol,9.5,2
depression & anxiety,9.5,2
situational anxiety,9.5,2
htn,9.5,2
asthmatic bronchitis,9.5,2
muscle spasm,9.5,2
difficulty sleeping,9.5,2
chest infection,9.5,2
hrt,9.5,2
restless legs syndrome,9.5,2
high cholestrol,9.333333333333334,3
psoriatic arthritis,9.333333333333334,3
elevated cholesterol,9.333333333333334,3
kidney infection,9.25,4
extremely severe anxiety,9.0,1
chest infection (viral),9.0,1
thyroid,9.0,3
severe allergies,9.0,2
opiate addiction,9.0,2
mild arthritis in knees,9.0,1
chronic dry eyes,9.0,1
allergy induced asthma,9.0,1
high cholesteol,9.0,1
pancreatitis,9.0,1
muslce inflammation,9.0,1
sleep problems,9.0,1
psychotic symptoms,9.0,1
"acne, photoaging",9.0,1
skin aging/sun damage,9.0,1
muscle strain,9.0,1
progesterone balance,9.0,1
osteoporsis,9.0,1
pink eye,9.0,1
perioral dermamtitis,9.0,1
anxiety/panic attacks/,9.0,1
incontinence,9.0,3
arthritis in knees,9.0,1
severe acne,9.0,2
diarrhoea/ibs,9.0,1
increase follicle production prior to iui,9.0,1
osteopenia associated with menopause,9.0,1
weightloss,9.0,3
supra ventricular tachycardia,9.0,1
dvt,9.0,1
running nose,9.0,1
allergy to trauma to the face.,9.0,1
hypothyroidsim,9.0,1
ed,9.0,6
sore lower back,9.0,1
cat bite,9.0,1
erectile dysfunction,9.0,4
thinning hair and balding,9.0,1
ankylosing spondylitis,9.0,6
menapause,9.0,1
"add, depression",9.0,1
scoliosis,9.0,1
"swollen lymph nodes, sick",9.0,1
"seizure, hbp, cholesterol",9.0,1
"insomnia, chronic pain",9.0,1
mrsa,9.0,1
atrial frbulation,9.0,1
dermatitis ( peri-oral),9.0,1
appetite control,9.0,1
pmd,9.0,1
hair growth,9.0,1
slow thyroid  & irregular period,9.0,1
high interoccular pressure,9.0,1
severe performance anxiety,9.0,1
epilpsy,9.0,1
high level anxiety/depression,9.0,1
spinal injury,9.0,1
acne and contraception,9.0,1
teeth extractions,9.0,1
sciatica and low back pain,9.0,1
rhumitoid arthritis,9.0,1
rls,9.0,2
mood swings,9.0,1
appetite suppression,9.0,1
bipolar disorder 2,9.0,1
gerd/acid reflux,9.0,1
perioral dermatitis,9.0,3
insulin dependent diabetes mellitus,9.0,1
sinus allergies/infection,9.0,1
thyroid disease,9.0,1
hyperactive nerves and chronic small seizures,9.0,1
high blood pressue --  diuretic,9.0,1
major chronic depressive disorder,9.0,1
muscular pain - arm,9.0,1
chronic daily headache,9.0,1
partial hysterectomy,9.0,1
fatigue / malaise due to infections,9.0,1
interstitial cystitis,9.0,1
severe indigestion diagnosed as possible ulcer,9.0,1
high blood pressure & left ventricular hypertrophy,9.0,1
high cholerterol,9.0,1
hypercholestremia,9.0,1
depression/binge eating,9.0,1
hyperthyroidism,9.0,3
anti-aging prophilatic,9.0,1
toothache,9.0,1
hair thinning,9.0,1
narcolepsy,9.0,5
poor sleep with frequent wakefulness,9.0,1
diet,9.0,1
to help sleep,9.0,1
essential tremor,9.0,1
depression/stress,9.0,1
persistant migraines,9.0,1
panic attack,9.0,1
insomnia/poor sleep quality,9.0,1
osteo-arthritis,9.0,1
"insomnia, and arthrtis",9.0,1
overactive bladder,9.0,4
prevent menstral migranes,9.0,1
abdominal pain,9.0,1
laryngopharyngeal reflux,9.0,2
fever and tonsilitis,9.0,1
asthma/allergies,9.0,2
alcohol addiction,9.0,1
sever depression,9.0,1
possible ulcer and acid reflux,9.0,1
lyme disease,9.0,1
"cut on knee from fall,waited too long to get stmus",9.0,1
post -surgery,9.0,1
peptic ulcer,9.0,1
cold sore on side of face,9.0,1
chronic pain from disk hernia in cervical spine,9.0,1
spastic bladder,9.0,1
tmj - inflamation,9.0,1
depression (atypical),9.0,1
weak bladder  wet bed,9.0,1
acne/dull skin,9.0,1
repair and prevent wrinkles,9.0,1
bph,9.0,3
serious acne,9.0,1
post partum depression,9.0,1
allergy reaction on the face incl swollen face,9.0,1
major clinical depression,9.0,1
hypothyroidsm,9.0,1
depresion anxiety obsessive behavior,9.0,1
pinched nerves,9.0,1
pain relief,9.0,1
hair less,9.0,1
panic attacks and depression,9.0,1
cervical spondylosis,9.0,1
refractory depression,9.0,1
anxiety/ mild depression,9.0,1
age spots on hand,9.0,1
sleep disorder/anxiety,9.0,1
depression/ cfs,9.0,1
"\"chronic \"\"atypical\"\" depression\"",9.0,1
ear infection and upper respiratory infection,9.0,1
metabolic disorder,9.0,1
"pregnancy prevention, cycle regulation",9.0,1
photoaging,9.0,1
anti seizure,9.0,1
fluid retention increased bp,9.0,1
barretts disease,9.0,1
atypical breast biopsy,9.0,1
bronkitis,9.0,1
male pattern hair loss,9.0,1
gastric esophogeal reflux disease,9.0,1
heart racing and fluttering,9.0,1
chronic pain from degenerative lumbar disc disease,9.0,1
post breast cancer,9.0,1
cold sores/fever blisters,9.0,1
sinus congestion,9.0,1
neuropathy / anklosing spondylytis,9.0,1
depression/bipolar affective component,9.0,1
nausea/vomiting,9.0,1
irregular menses,9.0,1
facial lines,9.0,1
bipolar 2,9.0,1
bipolar/mixed manic episodes/severe depression,9.0,1
ankylosing spondalytis,9.0,1
swine flu like illness in a pandemic,9.0,1
attention deficit disorder (inattentive type),9.0,1
2 compressed discs in neck,9.0,1
inattention  and disorganization,9.0,1
sinus congestion / allergies,9.0,1
acne/anti-agin,9.0,1
gastro esophageal reflux disease (gerd),9.0,1
uterine fibroids/heavy bleeding,9.0,1
hypertention,9.0,1
hormone balance,9.0,1
severe depression< agrophobia & other phobias,9.0,1
urge incontinence and bladder spasm,9.0,1
"overweight, self confidence",9.0,1
irritable bowel syndrom,9.0,1
lashes,9.0,1
"sleep disorder, insomnia",9.0,1
chronic insomnia,9.0,1
severe clinical depression,9.0,1
hypothroidism,9.0,1
acne and red marks from acne,9.0,1
perenniel rhinitis,9.0,1
dandruff,9.0,1
sore throat/dryness,9.0,1
muscle pain and stiffness due to fibromyalgia,9.0,1
gonorrhea,9.0,1
oral infection and swelling,9.0,1
birth control/ regular periods.,9.0,1
post shoulder surgery pain,9.0,1
vertigo,9.0,1
contact dermatitis,9.0,1
polymyalgia,9.0,1
poor sleep quality,9.0,1
performance anxiety / social anxiety,9.0,1
hyperpigmatation,9.0,1
leg pain from compressed spinal cord,9.0,1
cure for acne,9.0,1
constant coughing due to mucous,9.0,1
muscle pain/spasms - legs,9.0,1
"menopausal symptoms - hot flashes, sleep disturban",9.0,1
add and depression,9.0,1
functional dyspepsia,9.0,1
anxiety/ panic attacks/ insomnia,9.0,1
tachacarrdia  rapid heartbeat,9.0,1
sleeping problems,9.0,1
pcos/ irregular periods,9.0,1
relapsing/remitting multiple sclerosis,9.0,1
gerd with laryngeal spasms,9.0,1
excessive fears,9.0,1
improvement of skin appearance/health,9.0,1
sinus/ lung infection from a cold,9.0,1
allergic rash,9.0,1
hormonal imbalances and pregnancy prevention,9.0,1
slight loss of calcium in hip area,9.0,1
depression/dysthymia,9.0,1
menapouse,9.0,1
bi-polar,9.0,2
gad - generalised anxiety disorder.,9.0,1
tempromandibular joint dysfunction (tmj),9.0,1
severe headache,9.0,1
severe abcessed tooth,9.0,1
"vaginal dryness, menopausal symptoms",9.0,1
gastroenteritis,9.0,1
major depression/anxiety,9.0,1
achilles tendonitis,9.0,1
acne & sun damaged skin,9.0,1
"narcolepsy, fibromyalgia",9.0,1
hypertension (high blood pressure),9.0,1
ostheoporosis prevention,9.0,1
bone loss,9.0,1
tiredness,9.0,1
"uneven skin colour, anti-aging",9.0,1
ankle sprain,9.0,1
"depression, fatigue",9.0,1
metabolic syndrome x,9.0,1
cold sores,8.875,8
glaucoma,8.833333333333334,6
tachycardia,8.75,4
vaginal dryness,8.75,4
restless leg syndrome,8.75,8
chronic pain,8.666666666666666,3
major depression,8.666666666666666,3
type 2 diabetes,8.666666666666666,3
genital herpes,8.6,5
panic attacks,8.6,10
rheumatoid arthritis,8.578947368421053,19
adult add,8.571428571428571,7
adult acne,8.555555555555555,9
obsessive compulsive disorder,8.5,2
inflamed neck muscles,8.5,2
high cholesteral,8.5,2
congestion,8.5,2
"anxiety, ocd",8.5,2
shingles,8.5,4
acne vulgaris,8.5,2
acne and wrinkles,8.5,2
heart burn,8.5,4
attention deficit disorder,8.4,5
neck pain,8.333333333333334,3
chronic sinusitis,8.333333333333334,3
smoking,8.272727272727273,11
pcos,8.25,4
bi-polar disorder,8.25,4
panic disorder,8.25,8
migraine headaches,8.214285714285714,14
seasonal allergies,8.1,10
menopause,8.05,20
hypothyroidism,8.029411764705882,34
fibromyalgia and myofacial pain,8.0,1
chronic pain due to neck injury and surgeries,8.0,1
pre-barrett (errosion of the esophagus),8.0,1
severe cold sores,8.0,1
severe dry eyes,8.0,1
anxiety induced palpitations,8.0,1
opiate dependency,8.0,1
stressfull live change,8.0,1
wanted to drop about 30 lbs,8.0,1
arthritic joint pain/carpal tunnel,8.0,1
sciatic nerve pain,8.0,1
chronic tension headache,8.0,1
obesity,8.0,12
cholesterol problems,8.0,1
"mild acne, white heads",8.0,1
chronic depression,8.0,2
high ldl,8.0,1
severe asthma,8.0,1
mild sedative,8.0,1
"kidney pain, difficult urination",8.0,1
skin,8.0,1
manic depression,8.0,1
chronic idiopathic urthicaria with pruritis,8.0,1
plantar faciatis,8.0,1
mood stabilization,8.0,1
"menopause symptoms such as hot flashes,sleeplessne",8.0,1
prevention of diabetes,8.0,1
insomnia - early awakening,8.0,1
elevated glucose,8.0,1
pain - chronic panceatitis,8.0,1
painkiller after surgery,8.0,1
throat infection and cough,8.0,1
depression with anxiety,8.0,1
"arthritis pain, neck injury",8.0,1
complex regional pain sydrome,8.0,1
"irritated and sore throat,nose,eyes and sneezing.",8.0,1
acne & rosacea,8.0,1
sleeplessness - depression,8.0,1
skin problem,8.0,1
depression/panic disorder,8.0,1
asthma flares,8.0,1
acid reflux / barrett's esophagus,8.0,1
facial,8.0,1
insomnia due to peri-menopause,8.0,1
hypothyroid,8.0,16
bipolar disorder ii,8.0,2
sparse thin eyelashes,8.0,1
"hair loss, receding hairline",8.0,1
mrsa skin infection,8.0,1
myalgic encephalomyelitis/cfs,8.0,1
sinus infections,8.0,1
rashes,8.0,1
to achieve a smoother skin surface,8.0,1
chronic cough and allergies,8.0,1
borreliosis,8.0,1
chronic cold sores,8.0,1
"wrinkles, furrows",8.0,1
lyme ? or unknown,8.0,1
migaine/tension headches,8.0,1
bacterial growth,8.0,1
mycoplasma bronchitis,8.0,1
nerve damage/ acdf surgery,8.0,1
osteoarthritis,8.0,1
infected site of oreal surgery,8.0,1
hair lose,8.0,1
generalized anxiety disorder,8.0,3
anxiety and depression,8.0,9
redness,8.0,1
sprained ankle,8.0,1
bipolar/raciness/insomnia,8.0,1
"allergies, sinus congestion",8.0,1
inability to fall asleep easily,8.0,1
anxiety/mild ptsd,8.0,1
hysterectomy,8.0,5
airplane flight anxiety,8.0,1
perennial rhinitis,8.0,1
earache/sinusitis,8.0,1
bipolar i,8.0,1
sleeping disorder,8.0,1
serve acne,8.0,1
major sinus infection,8.0,1
cold,8.0,1
high lpa,8.0,1
elevated cholesterol level,8.0,1
irregularity/no babies!,8.0,1
longer eyelashes,8.0,1
post traumatic stress syndrom,8.0,1
sinus allergy,8.0,1
allergies and asthma,8.0,1
allergic reaction,8.0,2
"epilepsy, depression and pain",8.0,1
menstrual migraines,8.0,1
discoloration,8.0,1
chronic tension headaches/ mild depression,8.0,1
cervical osteoarthritis,8.0,1
thyroid goiter,8.0,2
esophogeal strictures,8.0,1
hairloss,8.0,5
acne with cystic fibrosis genetic condition,8.0,1
multiple sclerosis,8.0,6
hypothyroid - hashimoto's disease,8.0,1
oral contraceptive,8.0,1
"ostoarthritis, severe body and joint pains",8.0,1
sleep walking/talking,8.0,1
fine wrinkles,8.0,1
acne - blackheads and acne scars,8.0,1
dyspepsia,8.0,1
menstrual cramping,8.0,1
heart,8.0,2
depression and anxiety.,8.0,1
nerve damage from brachial plexitus,8.0,1
hypertension/high blood pressure,8.0,1
acid reflux,8.0,35
"melasma, unevean skin tone, ocasionally pimples",8.0,1
"hay fever, allergies",8.0,1
yeast diaper rash,8.0,1
burn from motorcycle accident,8.0,1
pre-menepause,8.0,1
broken collarbone,8.0,1
tinnitus,8.0,1
estrogen replacement therapy,8.0,1
nausea after eating,8.0,1
severe low back pain that went down right leg.,8.0,1
daytime drowsiness,8.0,1
insomnia and anxiety,8.0,1
mytral valve prolapse,8.0,1
fine lines/wrinkles,8.0,1
ibs/anxiety,8.0,1
"tendonitis of the foot, specifially big toe",8.0,1
sleeping aid,8.0,1
bi-polar 2,8.0,1
pigmentatation,8.0,1
nasal polyps,8.0,3
anxiety disorder,8.0,3
skin correction,8.0,1
anti-aging,8.0,1
acute peptic ulcer,8.0,1
complete hysterectomy,8.0,1
a boil,8.0,1
bladder pressure,8.0,1
"acne, aging",8.0,1
muscle spasms (upper back/neck),8.0,1
drug addiction,8.0,1
post menopause,8.0,1
sun damage to skin,8.0,1
phneumonia,8.0,1
narcolepsy/cataplexy,8.0,1
control of menstrual periods,8.0,1
ms-related fatigue,8.0,1
"skin agind, sun damage",8.0,1
pcos/insulin resistance,8.0,1
stress/insomnia,8.0,1
"anxiety, mild depression",8.0,1
moderate persisting acne,8.0,1
low hdl,8.0,1
prevention of pregnancy/lighter periods,8.0,1
fever blisters,8.0,1
anti-wrinkle,8.0,1
mild to moderate depression,8.0,1
hot flash sleep problems,8.0,1
muscle relaxant - spinal disorder,8.0,1
eye allergies,8.0,1
birth control/period regularity,8.0,1
budging disk in neck,8.0,1
juvenile rheumatoid arthritis,8.0,1
"acne, melasma",8.0,1
hand pain,8.0,1
post trauma depression,8.0,1
anxiety/ depression,8.0,1
"originally depression, later for chronic pain",8.0,1
migraine prevention,8.0,3
acne scarring & hyperpigmentation,8.0,1
"adrenal burnout, chronic fatigue & premature agin",8.0,1
eostrogen-positive breast cancer,8.0,1
m.r.s.a.,8.0,1
nerve pain - great skin sensitivity,8.0,1
acid reflux/chronic bronchitis,8.0,1
erictile dysfunction,8.0,1
daily migraines 2-3 times a day,8.0,1
stopping smoking,8.0,1
whiteheads,8.0,1
central sleep apnea related fatigue,8.0,1
pain after dental surgery,8.0,1
cognitive enhancement,8.0,1
sun damage removal,8.0,1
ringworm/pityriasis,8.0,1
smoking ceasation,8.0,1
reduce wrinkles,8.0,1
hashimoto's thyroiditis,8.0,1
"depression, irritability",8.0,1
"nerve damage, 1 nerve near mouth during surgery",8.0,1
gout,8.0,1
infection (in ear),8.0,1
diabetic,8.0,1
low thyroid levels,8.0,1
depression;,8.0,1
alcohol withdrawal,8.0,1
problems with my prostate,8.0,1
hypothyroid deficiency,8.0,1
sinus infection due to seasonal allergy,8.0,1
cancer,8.0,1
hard time getting asleep,8.0,1
"anxiety, hopelessness",8.0,1
respiratory infection,8.0,1
"depression, ptsd fatigue",8.0,1
slipped disc in back,8.0,1
chronic nerve pain from back surgery,8.0,1
indigestion and check pain,8.0,1
dermatitis herpetiformis,8.0,1
roseasa,8.0,1
seizure-1st and only at age 41,8.0,1
facial herpes simplex,8.0,1
hypothryoid-related dry skin,8.0,1
polycystic ovarian syndrome,8.0,1
"initially, acne; later, anti-wrinkle",8.0,1
"over eating, reduce wieght gain",8.0,1
migraine headache,8.0,1
seasonal allergy,8.0,1
cholesterol levels,8.0,1
narcolepcy,8.0,1
polymorphous light eruption (pmle),8.0,1
muscle spasm/neck and upper back pain,8.0,1
skin damage,8.0,1
acne and sun damage,8.0,1
heart problem,8.0,1
sever muscle spasms lower back,8.0,1
seizure,8.0,1
anxiety/ibs,8.0,1
nasal allergy,8.0,1
rosacea/acne,8.0,1
water in ear,8.0,1
collar bone injury,8.0,1
"anti-aging, acne",8.0,1
severe back pain resulting from a herniated disc,8.0,1
chronic leg pain due to trauma & surgeries,8.0,1
"birth control, menstrual cramps",8.0,1
75 mg,8.0,1
head injuries,8.0,1
major depressive disorder/ anxiety,8.0,1
cluster headache,8.0,1
acne  and scarring,8.0,1
"nerve pain, fibromyalgia",8.0,1
mrsa abcess,8.0,1
addh,8.0,1
glacoma,8.0,1
very high cholestrol level 9.1,8.0,1
mania,8.0,1
tension in jaw and bruxism (grinding of teeth),8.0,1
aging skin on face,8.0,1
plugged up nose related to seasonal allergies,8.0,1
"allergies, congested and runny nose",8.0,1
"streptoccocus:severe sore throat,high fever(104.4)",8.0,1
depression/post-partum,8.0,1
weight,8.0,1
musculoskeletal pain; nerve pain,8.0,1
pain from pinched nerve,8.0,1
panic disorder and anxiety,8.0,1
baldness,8.0,1
inflammatory arthritis,8.0,1
migraines,7.96969696969697,33
migraine,7.923076923076923,39
anxiety/depression,7.888888888888889,9
headache,7.875,8
epilepsy,7.833333333333333,6
gerd,7.826086956521739,23
male pattern baldness,7.8,5
reflux,7.8,5
herpes,7.8,10
fatigue,7.75,4
weight loss,7.684210526315789,19
pigmentation,7.666666666666667,3
blood pressure,7.666666666666667,6
over weight,7.666666666666667,6
psoriasis,7.666666666666667,6
adult adhd,7.666666666666667,3
ibs,7.666666666666667,3
surgical menopause,7.6,5
crohn's disease,7.571428571428571,7
urinary tract infection,7.571428571428571,7
asthma,7.54054054054054,37
hypertension,7.517241379310345,29
shift work sleep disorder,7.5,2
diabetes type ii,7.5,2
aging skin,7.5,4
seizure disorder,7.5,4
pregnancy prevention,7.5,6
menopausal symptoms,7.5,4
"acne, anti-aging",7.5,2
low thyroid,7.5,4
tooth abscess,7.5,2
perimenopause,7.5,2
fine lines,7.5,2
allergies,7.469387755102041,49
add,7.428571428571429,35
diabetes,7.428571428571429,14
adhd,7.424242424242424,33
eczema,7.333333333333333,12
bipolar ii,7.25,8
arthritis pain,7.25,4
hives,7.166666666666667,6
ulcerative colitis,7.142857142857143,7
insomnia,7.071428571428571,70
acne,7.051813471502591,193
anxiety,7.0476190476190474,84
restless sleep,7.0,2
"pain, muscle strain",7.0,1
clamydia,7.0,1
molar extraction,7.0,1
diverticulitis,7.0,2
tri geminal neuralgia,7.0,1
chronic musculoskeletal pain (neck/back),7.0,1
depresson/anxiety,7.0,1
dementia (altzheimer's diesease),7.0,1
pimples,7.0,1
no more monthly periods,7.0,1
peripheral pain arms,7.0,1
crohns,7.0,1
"cold sore, fever blister",7.0,1
rhematory arthritis,7.0,1
sudden sensorineural hearing loss,7.0,1
psoraisis,7.0,1
runny nose/ allergies,7.0,1
basal cell and squamous cancer,7.0,1
ovarian cyst,7.0,1
chest pain,7.0,1
crohn's/colitis,7.0,1
chronic rhinitis and allergies,7.0,1
hgh deficiency & hiv,7.0,1
minor insomnia,7.0,1
stomach acid/reflux,7.0,1
peanut allergy,7.0,1
microprolactinoma (benign pituitary tumour),7.0,1
adhd (predominantly inattentive),7.0,1
add management,7.0,1
fun,7.0,1
gi irritation,7.0,1
"spring allergies, allergy cough",7.0,1
depressio,7.0,1
traumatic brain injury,7.0,1
weight gain,7.0,1
depression-anxiety,7.0,1
alopecia,7.0,2
"crohns disease, psoriatic arthritis",7.0,1
"ptsd, anxiety, depprssion, obsessive remembering",7.0,1
post tooth extraction,7.0,1
acne and birth control,7.0,1
fatigue not being able to get up in am,7.0,1
oral infection,7.0,1
i got my toothpulled,7.0,1
lessen periods due to pain with adenomyosis,7.0,1
irritable bowel syndrome,7.0,3
hyperthyroid - graves disease,7.0,1
possible lymphoma/kidney pain,7.0,1
post surgical pain,7.0,1
muscle stiffness,7.0,1
to reduce/eliminate wrinkling,7.0,1
high blood pressure and,7.0,1
shooting nerve-type pain in legs/fibromyalgia,7.0,1
post-surgical pain,7.0,3
depression/insomnia,7.0,1
tension headaches,7.0,2
anti-inflammatory/pain,7.0,1
major depressive episode,7.0,1
"pollen, dust, mold and tree allergies",7.0,1
adult moderate hormone related acne,7.0,1
acne problem,7.0,1
narcalepsy,7.0,1
"nerve condition, burning in legs and aching feet",7.0,1
tuberculosis,7.0,1
mood disorder,7.0,1
severe chronic pain,7.0,1
low back pain due to car accident,7.0,1
skin infection,7.0,3
pneumonia,7.0,9
oral surgery,7.0,2
mild hypothyroidism,7.0,2
"sinus infection, chest infection",7.0,1
giant cell arteritis,7.0,1
skin rash,7.0,2
arthritis,7.0,16
cosmetic longer lashes,7.0,1
overweight,7.0,4
diaheria assc. w/ chemo,7.0,1
rosecea on the face,7.0,1
migraine in assoc /w upper resp infection,7.0,1
"anxiety, depresion",7.0,1
"anxiety, depression",7.0,1
"add inattentive, delayed sleep phase syndrome",7.0,1
severe heartburn,7.0,1
acne on my back,7.0,1
std,7.0,1
heart murmur/dental procedures,7.0,1
acne cysts,7.0,1
"sinusitis,quinsy",7.0,1
periferal neuropathy,7.0,1
major depressive disorder,7.0,1
"hot flashes, unable to sleep",7.0,1
sleep disruption due to hotflashes at night,7.0,1
behcet's disease,7.0,1
hypthyroidism,7.0,1
neck & arm muscle spasms,7.0,1
congested sinuses,7.0,1
"ibs, panic attacks, depression",7.0,1
very oily skin,7.0,1
superfacial basal cell carcinoma,7.0,1
rhytids,7.0,1
after an angiogram,7.0,1
s/p thyroidectomy,7.0,1
"tension headaches, upper/lower back pain, neck pai",7.0,1
staph infection,7.0,1
pentasa,7.0,1
severe sinus infection and double ear infections,7.0,1
mucus in stool,7.0,1
endometrial hyperplasia,7.0,1
"depression, social anxiety disorder",7.0,2
fertility,7.0,1
fingernail fungus,7.0,1
focus,7.0,1
"bipolar disorder with severe lows & fatigue,",7.0,1
"wrinkles,uneven skin tone,large pores",7.0,1
"menopause for 2 years, first hormone pill taken",7.0,1
"shortness of breath, paranoia",7.0,1
reactive arthritis (presents like ra),7.0,1
cancer/constant pain,7.0,1
fine lines around eyes and mouth. between the brow,7.0,1
supraventricular tachycardia,7.0,1
"sever back pain,",7.0,1
anxiety/ ocpd /depression,7.0,1
polinoidal cyst,7.0,1
diarrhea,7.0,2
"attention deficit problems, concentration difficul",7.0,1
skin pores/fine lines,7.0,1
strokes,7.0,1
illiotibital tibital syndrom,7.0,2
congestive heart failure and edema,7.0,1
hot flashes/ over all feel better,7.0,1
dyshidrosis,7.0,1
musle relaxant,7.0,1
mrsa infected hip resurfacing.,7.0,1
multinodular goiter,7.0,1
low energy,7.0,1
"depression, rumination, anxiety",7.0,1
pain from broken arm,7.0,1
ulcerative cholitis,7.0,1
being stressed and nervous but yet confident,7.0,1
insomnia/difficulty sleeping,7.0,1
pain control,7.0,1
replacement of femoral vein in leg,7.0,1
periodontal surgery,7.0,1
contraception,6.9,10
smoking cessation,6.9,20
ocd,6.857142857142857,7
depression,6.850909090909091,275
hair loss,6.838709677419355,31
depression and anxiety,6.833333333333333,12
bipolar disorder,6.823529411764706,17
depression/anxiety,6.818181818181818,22
osteopenia,6.8,5
infertility,6.75,4
prevent pregnancy,6.75,4
high blood pressure,6.694915254237288,59
pain after surgery,6.666666666666667,3
muscle spasms,6.666666666666667,3
fibromylgia,6.666666666666667,3
allergy,6.625,8
heartburn,6.6,5
fibromyalgia,6.538461538461538,26
pain,6.538461538461538,13
ra,6.5,2
erectile disfunction,6.5,2
colitis,6.5,2
loss of bone density,6.5,2
dermatitis,6.5,2
headaches,6.5,6
rhinitis,6.5,2
dental surgery,6.5,2
bipolar depression,6.5,2
aging,6.5,4
skin allergy,6.5,2
rash,6.5,2
high blood preasure,6.5,2
stop smoking,6.428571428571429,7
sleep,6.428571428571429,7
cystic acne,6.428571428571429,7
acne rosacea,6.333333333333333,3
diabetes type 2,6.333333333333333,3
"depression, anxiety",6.333333333333333,3
anxiety attacks,6.333333333333333,3
hiv,6.333333333333333,3
bipolar,6.3,10
wrinkles,6.294117647058823,17
melasma,6.285714285714286,7
bacterial vaginosis,6.25,4
sleeplessness,6.2,5
yeast infection,6.166666666666667,6
hyperpigmentation,6.166666666666667,6
birth control,6.153846153846154,65
rosacea,6.0476190476190474,21
chronic regional pain syndrome,6.0,1
loss of bone mass,6.0,1
upper back / left shoulder and neck pain,6.0,1
heartburn/gerd,6.0,2
facial hair,6.0,1
"wrinkles, brown spots",6.0,1
whiplash/ back and neck pain from auto accident,6.0,1
fatigue from neurological and heart cond.,6.0,1
diarreah,6.0,1
prolactin inhibitor,6.0,1
opiod addiction,6.0,1
"gastritis, nausea, fullness",6.0,1
"birth control, heavy periods",6.0,1
aging wrinkles,6.0,1
adhd (attention deficit hyperactive disorder),6.0,1
menstrual cramps/heavey bleeding,6.0,1
the flu,6.0,2
klebsiella pneumonia infection,6.0,1
rosecea,6.0,1
year round allergies,6.0,2
scar revision,6.0,1
hot flashes,6.0,4
allergic rhinitis,6.0,2
tonic clonic seizures,6.0,1
"low back pain, radiating to left leg",6.0,1
blackheads,6.0,1
chronic pain (neck and migraines),6.0,2
mild acne,6.0,3
facial acne,6.0,1
stomach bacteria,6.0,1
sinus polyps,6.0,1
bronchitis infectiion,6.0,1
sleeplessness and restless mind at night,6.0,1
"dry, allergic eyes",6.0,1
peri-menopausal syptoms,6.0,1
"menopausal symptoms, especially night sweats",6.0,1
"anxiety,depression",6.0,1
"rheumatoid arthritis joint pain, fibromyalgia",6.0,1
low energy and depression,6.0,1
acl reconstruction,6.0,1
"adhd, inattentive type",6.0,1
stomach acid,6.0,1
acne and water retention,6.0,1
pain/headaches,6.0,1
"auto accident, severe whiplash",6.0,1
back,6.0,1
itchy and irritated skin,6.0,1
sjogren's syndrome,6.0,1
pinched nerve from bulging disc & disseminated pai,6.0,1
red spot on the cheek,6.0,1
deep gum pockets,6.0,1
treatment of acne,6.0,1
lupus-like systemic autoimmune condition,6.0,1
"seizures,migraines,fibro.",6.0,1
depression/ anxiety,6.0,1
possible add,6.0,1
malaria prevention,6.0,2
total hist,6.0,1
"nerves, depression",6.0,1
"ptsd, bi-polar, anxiety",6.0,1
antiaging,6.0,1
infected throat and lung,6.0,1
inflamation resulting from damage to knee during s,6.0,1
adult acne/wrinkles,6.0,1
folliculitis of scalp,6.0,1
anxiety & depression,6.0,1
crohns disease,6.0,1
buldging/ruptured disc,6.0,1
head injury  / brain trauma,6.0,1
"heavy periods, thickened endometrium",6.0,1
thyroid removal,6.0,1
nerve damage,6.0,1
anxiety/insomnia,6.0,1
cystitis,6.0,1
stop smoking/depression,6.0,1
chronic fatigue,6.0,1
"amputee, constant sores on stump",6.0,1
scar revision surgery,6.0,1
chronic fatigue - epstein barr virus,6.0,1
"adhd, depression/anxiety",6.0,1
sinusitis,5.909090909090909,11
high cholesterol,5.866666666666666,30
anti aging,5.8,5
cholesterol,5.666666666666667,12
sinus infection,5.56,25
bladder infections,5.5,2
actinic keratoses,5.5,2
fungal toenails,5.5,2
rhuematoid arthritis,5.5,2
back pain,5.5,10
vaginal yeast infection,5.5,2
nerves,5.5,2
knee pain,5.5,2
breast cancer,5.4,5
dry eye,5.333333333333333,3
osteoporosis,5.076923076923077,13
"fatigue, weight gain, depression",5.0,1
menopause symptoms,5.0,2
avod bacterial infection,5.0,1
chest infections,5.0,1
i had blotchy skin in the form of freckles and sun,5.0,1
post partum anxiety/ depression,5.0,1
sedative/hypnotic - to induce sleep,5.0,1
eosinophilic esophagitis,5.0,1
mood stablizer for bipoler disorder,5.0,1
broken ribs,5.0,2
blood clots,5.0,2
"tonsilitis, possible strep, and ear infection",5.0,1
anti malarial,5.0,1
eryhema nodosum,5.0,1
chronic cystitis,5.0,1
back injury,5.0,1
raynaud's disease,5.0,1
nasal congestion from allergies,5.0,1
insomnia/ a bit of depression,5.0,1
hypercholesteremia,5.0,1
unable to sleep because of pain,5.0,1
vitalago,5.0,1
for wrinkle (line) reduction,5.0,1
spinal nerve compression pain,5.0,1
clearing skin,5.0,1
severe ulcerative colitis,5.0,1
pre cancer cels and aging,5.0,1
prevention of pcp pneumonia while on chemo,5.0,1
temporomandibular joint disorder (tmj),5.0,1
anxiety/panic attacks,5.0,3
wrinkles around eyes,5.0,1
blood clot as a cause of early stage misscarriage,5.0,1
"mood swings, felt by- polar",5.0,1
pms,5.0,2
chonic pain,5.0,1
severe hives angiodema,5.0,1
cold sores/ herpes i,5.0,1
simple laceration,5.0,1
tsh level was low no clinical symtoms,5.0,1
rosacia,5.0,1
stop smoking aid,5.0,1
severe depression,5.0,6
skin acne,5.0,1
flu,5.0,2
pain in my legs,5.0,2
std clamydia,5.0,1
i took seasonique just  to prevent pregnancy,5.0,1
thinning hair,5.0,3
sun damage,5.0,3
"prevent aging, improve skin",5.0,1
pain management,5.0,1
active chronic gastritis,5.0,1
to help me sleep after having a rapid heartbeat ep,5.0,1
extremely dry skin,5.0,1
sciatica,5.0,1
recurrent pseudomonas chest infection,5.0,1
tinea barbae,5.0,1
chronic sinus congestion,5.0,1
rapid heart rate,5.0,1
severe insomnia,5.0,2
lower back pain and migraine,5.0,1
yeast,5.0,1
"degenerative disc disorder, spinal stenosis l1-s1",5.0,1
b.p.p.v. (benign proxysmal positional vertigo),5.0,1
pregnancy,5.0,1
seizure/migraine,5.0,1
burning feeling in throat and chest,5.0,1
brown spots,5.0,1
osteroporosis,5.0,1
anxiety/worry,5.0,1
alergy,5.0,1
antibiotic to treat oral infection,5.0,1
hysterectomy/menopause,5.0,1
hallucinations,5.0,1
bipolar disorder/panic attacks,5.0,1
wieght loss,5.0,1
hay fever,5.0,1
for epilepsy,5.0,1
depression anxiety,5.0,1
inability to fall asleep,5.0,1
mild depression and anxiety,5.0,1
tonsilitis,5.0,1
dark spots,5.0,1
cat bite infection,5.0,2
herniated disk in my lower back,5.0,1
acid reflex,5.0,1
acl surgery,5.0,1
age spots,5.0,1
wrinkles premature aging,5.0,1
indigestion,5.0,2
"chronic neck/back pain, chronic tension headache",5.0,1
improve bone density,5.0,1
heavy menses,5.0,1
fibromyalgia pain,5.0,1
"agoraphobia, panic disorder",5.0,1
regulate periods,5.0,1
strep throat,4.7,10
ear infection,4.7,10
post surgery,4.666666666666667,3
throat infection,4.666666666666667,3
bronchitis,4.636363636363637,11
gad,4.5,2
seizures,4.5,2
hormonal acne,4.5,2
hypothyriod,4.5,2
borderline personality disorder,4.5,2
nausea,4.333333333333333,9
bladder infection,4.333333333333333,3
clinical depression,4.2,5
high c,4.0,1
antianxiety/depression,4.0,1
lactation,4.0,1
"depression, lack of motivation",4.0,1
quitting smoking,4.0,2
candida rashes,4.0,1
sedation dentistry for dental implants,4.0,1
social anxiety,4.0,2
skin cancer,4.0,1
sleep deprivation,4.0,1
preventing pregnancy,4.0,3
lethergy,4.0,1
an unknown ekg wave abnormality,4.0,1
giardiasis,4.0,1
rib pain and muscle inflammation,4.0,1
birth control/control of menstrual cycle,4.0,1
"insomnia, migraines",4.0,1
migraine + birth control,4.0,1
"sggression, hyperactivity",4.0,1
tooth infection,4.0,3
elarge pores blackheads around nose & cheeks,4.0,1
heart murmer,4.0,1
sleep aid,4.0,1
dust allergy,4.0,1
adha,4.0,1
panic attack and anxiety,4.0,1
pre-surgery,4.0,1
surgical memopause,4.0,1
loose weight,4.0,1
hyperpigmentation all over face,4.0,1
anxiety/insomnia/,4.0,1
itching body rash,4.0,1
surgery recovery,4.0,1
exzema of the face,4.0,1
anxiety and to avoid feeling misrable,4.0,1
eyelash growth,4.0,1
perimenopause symptoms,4.0,1
spasdic bladder,4.0,1
perepheral neuropathy,4.0,1
pain from recovering from abdominal surgery,4.0,1
anti inflamatory,4.0,1
"acne, wrinkles",4.0,1
reaction with benzoyl peroxide,4.0,1
flat warts,4.0,1
memory,4.0,1
uti,3.823529411764706,17
shoulder pain,3.6666666666666665,3
"acid reflux, gerd",3.6666666666666665,3
psychosis,3.6666666666666665,3
chronic back pain,3.5,2
quit smoking,3.5,4
toenail fungus,3.4,5
hair loss/ facial hair,3.0,1
possible pertusis,3.0,1
skin spots,3.0,1
high bp,3.0,1
? 'heart failure',3.0,1
colestrol,3.0,1
to relax muscles,3.0,1
head injury,3.0,1
hypothyroidism after thyroidectomy,3.0,1
panic attacks/feeling low,3.0,1
"papillary, follicular, tall-cell variant cancer",3.0,1
pain in legs (diagnosis restless leg syndrome),3.0,1
sleepiness,3.0,1
lose weight,3.0,2
cholesterol/high blood pressure,3.0,1
wilson diseaes,3.0,1
acne / blackheads / oily skin,3.0,1
bi-polar mania with anger issues,3.0,1
a typical migraines,3.0,1
nummular eczema,3.0,1
pain relief (glenohumeral instability correction),3.0,1
"aging skin, wrinkles, sag",3.0,1
tendonitis pain,3.0,1
prophylaxis after oral surgery,3.0,1
primary dysmenorrhea,3.0,1
sinusitus/ double ear infection,3.0,1
sleep disorders,3.0,1
psoraitic arthritis,3.0,1
neuropathic pain from botched surgery,3.0,1
choloesterol,3.0,1
possible arthritis,3.0,1
sinus infections/constant mucus & post nasal drip,3.0,1
sore throat,3.0,2
i kept getting pregnant. no more stairs.... please,3.0,1
"excessive coughing, later diagnosed as pneumonia",3.0,1
stomach/digestive disorder,3.0,1
severe recurrent sinus infections,3.0,1
osteopenia in both hips and lower back,3.0,1
schizophrenia,3.0,1
"oral surgery; extraction, implants",3.0,1
hormones,3.0,1
"pocs, elevated testosterone, hirsutism",3.0,1
neck pain from car accident whiplash,3.0,1
blepharospasm,3.0,1
"skin probles - acne, balckheads",3.0,1
supposed adhd,3.0,1
"allergy, runny nose, hay fever",3.0,1
"borderline personality disorder, bi polar",3.0,1
pain relief after surgery,3.0,1
post hemorrhoidectomy,3.0,1
right temporal lobe epilepsy,3.0,1
itchy watery eyes,3.0,1
"insomnia, headaches",3.0,1
pain management after sugery,3.0,1
preventing osteoporosis,3.0,1
suspected upper respiratory infection,3.0,1
"tooth pain, root canal procedure",3.0,1
"trouble sleeping at night, tired during day",3.0,1
brow wrinkles,3.0,1
tonsillitis/strep throat,3.0,1
severe pain in right hip from suspected tear in ca,3.0,1
neck and back pain/  whiplash,3.0,1
bursitis,3.0,1
menopause problems,3.0,1
high colorestoral,3.0,1
high intraocular pressure (glaucoma),3.0,1
pneumonia with associated cough,3.0,1
stomach ulcer,3.0,1
sciatica and back pain,3.0,1
bone density tests showed early osteo.,3.0,1
juvenile idiopathic arthritis,3.0,1
candida caused yeast infection,3.0,1
migranes,3.0,2
bronchitus,3.0,1
depression/anxiety/ptsd,3.0,1
agitation management r/t lewy body syndrome  demen,3.0,1
back acne,3.0,1
dog bite prophylaxis,3.0,1
cad,3.0,1
hyperhidrosis,2.5,2
bacterial infection,2.5,2
ulcer,2.3333333333333335,3
ovarian cysts/sciatic nerve,2.0,1
doctor said my blood pressure was somewhat high 14,2.0,1
chronic pelvic pain,2.0,1
"depression, axiety",2.0,1
infected lymph node,2.0,1
stress-related anxiety,2.0,1
heavy periods/cramping,2.0,1
cancer related pain,2.0,1
post menapausal osteopenia,2.0,1
sadd,2.0,1
osteoporosis/bone stength,2.0,1
preventing malaria,2.0,1
asthma/copd,2.0,1
alzheimer's disease,2.0,1
"unrestful sleep, narcolepsy?",2.0,1
"asthma, allergies",2.0,1
trochanteric bursitis,2.0,1
jaw/tooth pain,2.0,1
heavy menstrual bleeding,2.0,1
chf,2.0,1
total hysterctomy,2.0,1
anticonvulsant,2.0,1
post dental work,2.0,1
anxiety/ pain,2.0,1
periodontal disease,2.0,1
mild local skin infection,2.0,1
"anxiety,insomnia",2.0,1
acute sinusitis,2.0,1
cough,2.0,1
"poss. rheumitoid arth. lupus, or fibromyalgia",2.0,1
alzheimer's,2.0,1
knee pain/inflamation,2.0,1
myofascial pain,2.0,1
difficulty getting/holding erection,2.0,1
upper respiratory infection,2.0,1
polymyalgia rheumatica (pmr),2.0,1
headache/migrain,2.0,1
prevent pregnancy/reduce frequency of migraines,2.0,1
high  cholesterol,2.0,1
pain after foot surgery,2.0,1
dark skin spots on face,2.0,1
menopausal systems,2.0,1
post herpatic neuralga,2.0,1
birth control. prevention of pregnacy,2.0,1
n/a,2.0,1
osteopenia and osteoporosis,2.0,1
"hypothyroid, hashimoto",2.0,1
high colestrol,2.0,1
chronic bronch/asthma,2.0,1
chronic hives,2.0,1
to stop smoking,2.0,1
acne/oily skin,2.0,1
anti ageing,2.0,1
high cholesterol and triglycerides (21.1!),2.0,1
infection in mandible,2.0,1
originally brain lesions then lower cholesterol,2.0,1
"depression, anxiety, ocd, nausea",2.0,1
recovery from a brainstem stroke,2.0,1
depression not resolved with antidepressant drugs,1.5,2
to quit smoking,1.5,2
depression pain,1.0,1
male pattern bladness,1.0,1
cholesterol slightly elevated,1.0,1
"shortness of breath, itching all over",1.0,1
cellulitis (skin infection on my leg),1.0,1
bowens cancer on tip of nose,1.0,1
bacterial infectoin,1.0,1
post-op pain,1.0,1
to prevent pregnancy,1.0,1
costochondritis/ inflammation of the chest wall,1.0,1
ease breathing/fast heart rate,1.0,1
grand mal seizures,1.0,1
joint pain,1.0,1
systemic fungus,1.0,1
anxiety/depreesion,1.0,1
migrane,1.0,1
vaginal eczema,1.0,1
tendinatis,1.0,1
possible osteoporosis,1.0,1
"osteochondral injury of the talus, left ankle",1.0,1
severe hot flashes and night sweats,1.0,1
after birth thyroid not working to mormal levelc,1.0,1
capsuar contracture of breast implant,1.0,1
bipolar disorder type ii,1.0,1
sinus inection,1.0,1
shingles pain,1.0,1
gum infection,1.0,1
"fibromyalgia, failed back syndrome",1.0,1
controceptive; help with pmsd,1.0,1
severe anxiety,1.0,1
migraines/upper back pain,1.0,1
heavy period,1.0,1
severe back pain,1.0,1
alzheimer's/dementia,1.0,1
anxiety from a reaction,1.0,1
unexplained infertility,1.0,1
carpal tunnel,1.0,1
"reflux, gastritis",1.0,1
puncture wound,1.0,1
neck and hip pain,1.0,1
fibromyalgia and depression,1.0,2
not sleeping,1.0,1
acute sinusitis/bronchitis,1.0,1
pain/arthritis,1.0,1
bacterial lung infection,1.0,1
have not stop bleeding,1.0,1
suicidal feelings,1.0,1
ballanitis,1.0,1
severe headaches,1.0,1
acne-i was 22 yrs old when i took it,1.0,1
i was in a risk group - frontline pharmacist,1.0,1
obesity and diabetes,1.0,1
birth prevention,1.0,1
early onset osteoporosis,1.0,1
contraception pill,1.0,1
"severe sore throat with pus, and ear pain on same",1.0,1
endometriosis,1.0,2
severe neck pain lasting 8-9 mons,1.0,1
anxiety depression,1.0,1
under active thyroid,1.0,1
ra and ankylizing spondolitis,1.0,1
osteoprosis,1.0,1
inner ear infection,1.0,1
trouble sleeping,1.0,1
root canal pain,1.0,1
infection,1.0,1
undiagnosed,1.0,1
forehead frown lines,1.0,1
gastrointestinal disorder,1.0,1
"allergies sneezing , watery runny nose",1.0,1
loss of bone density in spine,1.0,1
r/a,1.0,1
neuropathic pain,1.0,1
back spasm,1.0,1
skin wound/infection,1.0,1
sore throat ear infections,1.0,1
skin  texture changes due to rosacea,1.0,1
viral bronchitis,1.0,1
upper respiratory infection on vacation,1.0,1
frozen shoulder,1.0,1
mild bursitis in left hip.,1.0,1
beginning of osteoporosis of the hip,1.0,1
vaginal bacteria,1.0,1
pain relief  from an infected cat bite wound,1.0,1
frequent and urgent  urination,1.0,1
for  back pain,1.0,1
"bipolar disorder, hypomania.",1.0,1
atrial fib,1.0,1
bladder control,1.0,1
hormone replacement therapy,1.0,1
ovarian cysts.,1.0,1
redness from rosacea flushing,1.0,1
mood,1.0,1
"for tramflap surgery,implant removal",1.0,1
crohn's abcess,1.0,1
cyclic vomiting syndrome,1.0,1
u/i,1.0,1
severe pain,1.0,1
atopic dernatitis,1.0,1
receding hairline,1.0,1
neuropathic pain aand fibromyalgia,1.0,1
glandular fever,1.0,1
short term memory loss,1.0,1
high colesterol,1.0,1
shift work insomnia,1.0,1
copd,1.0,1
acic reflux,1.0,1
astham,1.0,1
pain after minor surgery,1.0,1
h1n1,1.0,1
shoulder & neck pain,1.0,1
abcessed tooth,1.0,1
severe upper respitory tract infection,1.0,1
all over and various type pain,1.0,1
prostate procedure,1.0,1
nausea (after surgery),1.0,1
high chloresteral,1.0,1
"bi-polar, depression",1.0,1
toe nail fungus,1.0,1
cervical spondylitis,1.0,1
mood stabilizer taken w/ prozac,1.0,1
"tia type seizures, stress",1.0,1
mastitis,1.0,1
high-normal hypertension,1.0,1
pain relief after outpatient hernia surgery,1.0,1
rls associated with sleep apnea,1.0,1
ulcers that caused throwing up,1.0,1
severe abdominal pain yet to be diagnosed,1.0,1
"nausea, headaches, dizziness",1.0,1
parkinson's,1.0,1
prevent osteoporose,1.0,1
morning sickness/nausea,1.0,1
genitofemoral nerve damage,1.0,1
diareaha,1.0,1
insommnia,1.0,1
neuropathy back pain,1.0,1
muscle inflammation,1.0,1
back spasm/pain,1.0,1
hot flashes / night sweats,1.0,1
foot surgery,1.0,1
prostatitis,1.0,1
persistent chest infection symptoms,1.0,1
insomina,1.0,1
possible uti - i think?,1.0,1
reactive arthritis (leg joint swelling/stiffness),1.0,1
anxety / depression,1.0,1
malaria,1.0,1
staphf infection,1.0,1
tobacco addiction,1.0,1
"chronic pain, fibromyalgia",1.0,1
